Entity,1990,1991,1992,1993,1994,1995,1996,1997,1998,1999,2000,2001,2002,2003,2004,2005,2006,2007,2008,2009,2010,2011,2012,2013,2014,2015,2016,2017
Afghanistan,0.101855,0.099313,0.096692,0.094336,0.092439,0.09098,0.089709,0.088372,0.08733,0.086267,0.086021,0.086517,0.087023,0.087189,0.088158,0.088933,0.090054,0.091688,0.093589,0.095166,0.097327,0.098638,0.099891,0.101291,0.103137,0.104445,0.105808,0.107142
Albania,0.130782,0.129102,0.127063,0.126019,0.125402,0.12532,0.126148,0.127301,0.128839,0.130729,0.132704,0.134932,0.137541,0.140335,0.143047,0.145738,0.148561,0.1517,0.154945,0.157738,0.160337,0.16242,0.165446,0.167105,0.16941,0.171095,0.172627,0.174046
Algeria,0.189024,0.18699,0.185064,0.183793,0.182518,0.182169,0.182298,0.182681,0.183207,0.183524,0.184042,0.185198,0.187401,0.189419,0.191831,0.194149,0.196273,0.198161,0.200467,0.202695,0.204406,0.206218,0.207498,0.208892,0.20996,0.211434,0.212735,0.213612
American Samoa,0.187677,0.186826,0.185572,0.184369,0.18373,0.182864,0.182302,0.181644,0.180675,0.180648,0.18035,0.17983,0.180111,0.179543,0.180197,0.180084,0.180215,0.180478,0.180871,0.180675,0.180618,0.180384,0.180056,0.180232,0.179621,0.179144,0.178726,0.177808
Andean Latin America,0.28782,0.289362,0.290563,0.291833,0.293111,0.294516,0.296237,0.297929,0.30013,0.301996,0.303785,0.30527,0.307078,0.308966,0.311293,0.314079,0.317318,0.321958,0.326929,0.331577,0.335297,0.337862,0.340893,0.34413,0.347463,0.350127,0.352935,0.355475
Andorra,0.585917,0.580843,0.579633,0.578331,0.580882,0.583954,0.588271,0.591575,0.596933,0.602402,0.609424,0.616896,0.625135,0.633605,0.637793,0.640784,0.641946,0.64346,0.645572,0.647337,0.64824,0.652492,0.651261,0.651222,0.649979,0.647221,0.645775,0.644559
Angola,0.137854,0.136161,0.134572,0.133069,0.132146,0.131689,0.130904,0.131081,0.130607,0.130616,0.130784,0.131597,0.132211,0.13366,0.135232,0.137047,0.139244,0.143384,0.147989,0.15257,0.156364,0.159317,0.161691,0.164602,0.167412,0.169554,0.172163,0.173643
Antigua and Barbuda,0.299442,0.303019,0.307214,0.311361,0.314902,0.317333,0.319416,0.321759,0.323819,0.325506,0.32711,0.329071,0.330842,0.331833,0.333576,0.335202,0.337396,0.341188,0.345447,0.348243,0.350044,0.350378,0.351559,0.351153,0.350603,0.35062,0.350415,0.350368
Argentina,0.323686,0.326904,0.330504,0.334286,0.338418,0.342052,0.347589,0.353055,0.358989,0.363814,0.36584,0.365304,0.364991,0.363373,0.362547,0.362843,0.364132,0.367761,0.372471,0.378055,0.381185,0.384078,0.388199,0.390826,0.394867,0.397998,0.401108,0.404033
Armenia,0.141317,0.137635,0.134424,0.131542,0.128973,0.126777,0.125119,0.12365,0.122542,0.121564,0.121398,0.122517,0.124967,0.12843,0.131622,0.135408,0.139445,0.143598,0.148043,0.152224,0.155273,0.15735,0.159679,0.162291,0.163623,0.164968,0.166348,0.167047
Australasia,0.688709,0.691371,0.693961,0.698179,0.702619,0.70735,0.714312,0.724977,0.738296,0.751761,0.764557,0.778788,0.796081,0.81539,0.832908,0.844886,0.855296,0.86446,0.872634,0.879941,0.88464,0.888601,0.892744,0.896443,0.899459,0.901627,0.903112,0.903106
Australia,0.700091,0.704109,0.708001,0.713708,0.719508,0.725294,0.733481,0.746092,0.761552,0.777322,0.791918,0.808347,0.828231,0.850376,0.87044,0.884259,0.896383,0.90658,0.915572,0.923455,0.928043,0.931935,0.93576,0.939176,0.941661,0.943206,0.943991,0.943081
Austria,0.538327,0.544497,0.551231,0.55808,0.564511,0.571197,0.57868,0.586003,0.594088,0.600741,0.608221,0.614003,0.620672,0.62644,0.633218,0.638828,0.644815,0.65167,0.658034,0.664675,0.667758,0.669635,0.671955,0.672787,0.673911,0.67485,0.674727,0.675112
Azerbaijan,0.167131,0.16477,0.161778,0.158797,0.15598,0.152879,0.148564,0.143559,0.139134,0.135437,0.133899,0.134552,0.136013,0.138108,0.14079,0.143557,0.149225,0.157216,0.167477,0.176675,0.183138,0.187696,0.191979,0.19577,0.199312,0.201758,0.203629,0.204891
Bahamas,0.353556,0.350911,0.348643,0.347148,0.34634,0.346581,0.34711,0.35014,0.353591,0.357435,0.359828,0.362209,0.364553,0.367413,0.369123,0.370302,0.369913,0.370166,0.369795,0.368812,0.368687,0.368078,0.367034,0.366324,0.365166,0.364253,0.363759,0.36275
Bahrain,0.239539,0.240481,0.241912,0.24271,0.244001,0.245181,0.24657,0.247796,0.248878,0.250954,0.253354,0.255407,0.25807,0.258832,0.258123,0.258235,0.25812,0.25941,0.25958,0.259762,0.26004,0.261234,0.264034,0.265784,0.267339,0.268745,0.271042,0.273714
Bangladesh,0.101292,0.101737,0.102574,0.102937,0.103487,0.103899,0.104622,0.105182,0.105631,0.10689,0.107277,0.108645,0.109235,0.110469,0.111646,0.112733,0.113887,0.115688,0.117474,0.119331,0.121651,0.123681,0.125937,0.128099,0.130462,0.132744,0.135429,0.137974
Barbados,0.306067,0.306424,0.306784,0.307334,0.307948,0.309039,0.310592,0.312656,0.316072,0.31848,0.319899,0.321025,0.321796,0.322341,0.322623,0.323495,0.323677,0.325042,0.324985,0.325521,0.326282,0.325952,0.325234,0.32495,0.324072,0.323164,0.321753,0.320599
Belarus,0.174512,0.17205,0.169549,0.167731,0.165887,0.164067,0.162738,0.161153,0.160119,0.159517,0.159122,0.159705,0.161225,0.164738,0.167706,0.170353,0.174073,0.178754,0.183547,0.18794,0.19208,0.195576,0.19883,0.201185,0.204173,0.207219,0.209343,0.210693
Belgium,0.511213,0.515844,0.520184,0.524512,0.528504,0.531941,0.535318,0.539216,0.544018,0.54785,0.551042,0.555048,0.559963,0.564026,0.568199,0.571245,0.573942,0.576778,0.579555,0.580717,0.583341,0.586292,0.589313,0.592095,0.5951,0.598318,0.600263,0.603869
Belize,0.21161,0.216008,0.220258,0.223665,0.226725,0.229527,0.231057,0.232375,0.234253,0.23518,0.237203,0.238861,0.240724,0.242778,0.244941,0.246598,0.247661,0.248519,0.250487,0.251375,0.252078,0.253082,0.254422,0.255011,0.256175,0.257195,0.258188,0.25871
Benin,0.110328,0.109559,0.108964,0.108489,0.107844,0.10807,0.108022,0.108281,0.108665,0.109123,0.109697,0.110013,0.111338,0.112693,0.113339,0.114172,0.114168,0.114559,0.114768,0.114918,0.115932,0.115905,0.116496,0.116836,0.117641,0.118821,0.11925,0.12029
Bermuda,0.424859,0.424068,0.424459,0.424583,0.425205,0.425824,0.427557,0.430244,0.434969,0.4398,0.443551,0.448028,0.453093,0.458808,0.463852,0.468297,0.473006,0.47826,0.483459,0.487164,0.489997,0.490018,0.490784,0.491942,0.492026,0.492199,0.491812,0.491449
Bhutan,0.116006,0.117205,0.118704,0.120187,0.121486,0.123164,0.12449,0.126234,0.128316,0.130294,0.13209,0.134171,0.136178,0.137953,0.140067,0.142463,0.145216,0.147716,0.150691,0.153142,0.155632,0.158068,0.160716,0.163164,0.165473,0.167915,0.17001,0.17234
Bolivia,0.245213,0.245799,0.246664,0.247478,0.248384,0.248735,0.250161,0.252531,0.254737,0.257264,0.259291,0.260614,0.262074,0.26266,0.264257,0.265959,0.268216,0.269401,0.271692,0.275173,0.277438,0.279907,0.283331,0.287493,0.29148,0.29572,0.300675,0.305251
Bosnia and Herzegovina,0.100327,0.099612,0.099498,0.099194,0.099234,0.099508,0.102079,0.108757,0.116972,0.125453,0.13128,0.135944,0.139569,0.143059,0.146176,0.149331,0.152028,0.15461,0.157197,0.159969,0.161387,0.163954,0.165417,0.167328,0.168589,0.169897,0.171314,0.172474
Botswana,0.172929,0.174949,0.177201,0.179104,0.181001,0.183124,0.185167,0.187388,0.189033,0.191434,0.192828,0.195284,0.197252,0.198964,0.200897,0.202405,0.204028,0.206201,0.208,0.21,0.211702,0.213178,0.215543,0.217751,0.22057,0.223225,0.225158,0.227733
Brazil,0.233012,0.233714,0.234571,0.235456,0.236509,0.237314,0.238404,0.240256,0.242199,0.243833,0.245153,0.246012,0.246844,0.247595,0.248581,0.249669,0.251311,0.254081,0.257158,0.260296,0.262812,0.264975,0.267234,0.269346,0.271348,0.273366,0.275301,0.277051
Brunei,0.550731,0.54801,0.545544,0.543644,0.542626,0.542036,0.541901,0.541767,0.542123,0.541672,0.542542,0.542975,0.542619,0.542969,0.542664,0.542958,0.544084,0.546872,0.550064,0.552229,0.553168,0.552189,0.550698,0.549248,0.546639,0.543985,0.540722,0.536252
Bulgaria,0.175711,0.174484,0.173255,0.171778,0.170713,0.169853,0.168384,0.166812,0.165543,0.164336,0.163921,0.164236,0.165952,0.167817,0.170118,0.17202,0.174847,0.178052,0.181771,0.185467,0.188239,0.190407,0.192502,0.194699,0.196577,0.198616,0.200733,0.202411
Burkina Faso,0.094841,0.094825,0.094897,0.094967,0.094842,0.094752,0.095149,0.095773,0.095897,0.096646,0.097399,0.098399,0.099372,0.100335,0.101268,0.102201,0.102842,0.103637,0.104324,0.10486,0.105318,0.106297,0.107169,0.108629,0.109383,0.111105,0.111911,0.113354
Burundi,0.095906,0.095707,0.095151,0.094592,0.093896,0.093465,0.092762,0.091567,0.090354,0.089261,0.088553,0.08811,0.087748,0.087178,0.087281,0.086832,0.086875,0.086837,0.086816,0.086894,0.087035,0.087306,0.087565,0.088017,0.088637,0.089309,0.090019,0.090802
Cambodia,0.07706,0.077636,0.077707,0.078039,0.078468,0.078671,0.079168,0.079724,0.080177,0.080465,0.081481,0.082271,0.08381,0.085438,0.086747,0.088384,0.089996,0.091899,0.093569,0.095379,0.097041,0.098796,0.100316,0.101933,0.103741,0.105162,0.106761,0.108379
Cameroon,0.13485,0.132624,0.13025,0.128536,0.127242,0.126237,0.1257,0.125379,0.124706,0.12444,0.124495,0.124628,0.12501,0.125283,0.126114,0.126289,0.126532,0.126903,0.127304,0.127861,0.128149,0.128834,0.129468,0.129959,0.130969,0.1315,0.133,0.13379
Canada,0.442652,0.442308,0.441688,0.442179,0.442959,0.443547,0.444286,0.444809,0.446613,0.447929,0.449142,0.450782,0.454521,0.458293,0.462292,0.463917,0.46538,0.467022,0.468737,0.469551,0.47038,0.470892,0.471709,0.472149,0.473426,0.474343,0.475592,0.477304
Cape Verde,0.122668,0.122952,0.123321,0.124261,0.125041,0.126184,0.127454,0.129463,0.131847,0.13451,0.136282,0.138474,0.140829,0.143424,0.145597,0.147857,0.150638,0.153174,0.155666,0.158223,0.160758,0.162008,0.163585,0.165331,0.16665,0.167825,0.168722,0.169252
Caribbean,0.237873,0.236092,0.234706,0.233767,0.233146,0.23274,0.232821,0.233489,0.234253,0.235272,0.236044,0.236901,0.238082,0.239667,0.241113,0.242507,0.244009,0.245824,0.247903,0.249579,0.251394,0.252788,0.254113,0.255018,0.256281,0.25747,0.258529,0.25921
Central African Republic,0.0974,0.096959,0.096068,0.095446,0.095175,0.094695,0.094367,0.094006,0.093604,0.093367,0.092977,0.092661,0.09273,0.092564,0.092525,0.09251,0.092485,0.092535,0.092571,0.092516,0.092603,0.092436,0.092126,0.091569,0.0908,0.090661,0.089696,0.089183
Central Asia,0.155945,0.153601,0.151002,0.148548,0.14618,0.143977,0.141386,0.138721,0.135947,0.133984,0.132972,0.133295,0.134483,0.13614,0.137946,0.139861,0.142349,0.145627,0.149631,0.153318,0.156376,0.158886,0.161369,0.163948,0.166283,0.168653,0.170697,0.172627
Central Europe,0.172921,0.171389,0.170442,0.169627,0.169192,0.169261,0.169891,0.171135,0.172612,0.17434,0.176033,0.177693,0.179879,0.182178,0.184651,0.187095,0.189796,0.192828,0.196483,0.199649,0.202479,0.204611,0.206911,0.209242,0.211492,0.213618,0.215519,0.217305
"Central Europe, Eastern Europe, and Central Asia",0.187525,0.185347,0.183187,0.181108,0.179087,0.177154,0.174914,0.172252,0.169779,0.168008,0.167549,0.168291,0.169821,0.171698,0.173831,0.175925,0.178543,0.181848,0.185741,0.189188,0.192061,0.194227,0.196352,0.198515,0.20053,0.202417,0.204129,0.205557
Central Latin America,0.257131,0.257637,0.258164,0.258779,0.2594,0.260085,0.260665,0.261119,0.261748,0.262414,0.262978,0.26386,0.26503,0.266376,0.267525,0.268484,0.269432,0.270799,0.272324,0.273921,0.275131,0.276315,0.277674,0.279233,0.280813,0.28256,0.284335,0.286315
Central Sub-Saharan Africa,0.117087,0.114955,0.1128,0.110897,0.109112,0.107595,0.105731,0.104003,0.102515,0.101191,0.100099,0.099822,0.09923,0.099087,0.098995,0.099638,0.099963,0.101198,0.102231,0.103548,0.104498,0.105572,0.106823,0.108566,0.110709,0.112837,0.115085,0.117588
Chad,0.103051,0.103378,0.103906,0.103955,0.103938,0.103864,0.103801,0.103418,0.103184,0.103094,0.102911,0.103318,0.104102,0.105324,0.106881,0.108164,0.109828,0.110871,0.112842,0.11409,0.115445,0.116408,0.117701,0.118883,0.119501,0.120668,0.121372,0.122129
Chile,0.302799,0.307654,0.312015,0.316493,0.321115,0.325281,0.329679,0.334094,0.338923,0.342981,0.346537,0.349739,0.353415,0.355963,0.359324,0.362414,0.366387,0.370711,0.375274,0.380199,0.385166,0.389265,0.39326,0.398024,0.402024,0.406375,0.411006,0.416123
China,0.085918,0.087021,0.088183,0.089405,0.09079,0.092207,0.093819,0.095771,0.09793,0.100177,0.10248,0.10475,0.107442,0.110203,0.113182,0.11611,0.119188,0.122403,0.125854,0.129427,0.132949,0.136489,0.140075,0.143961,0.147676,0.151513,0.155511,0.159588
Colombia,0.209751,0.210789,0.211634,0.212431,0.213249,0.214247,0.214839,0.215245,0.216008,0.216348,0.216957,0.21726,0.218515,0.219406,0.220617,0.221817,0.22324,0.225744,0.228528,0.231591,0.235014,0.237897,0.241137,0.244727,0.248564,0.252133,0.256028,0.260257
Comoros,0.116613,0.115817,0.115197,0.114321,0.113678,0.112896,0.112379,0.111777,0.111252,0.111224,0.110125,0.11026,0.110719,0.110854,0.111162,0.11124,0.110849,0.110574,0.110244,0.110218,0.109945,0.109981,0.109856,0.110158,0.110177,0.110298,0.110784,0.110911
Congo,0.148197,0.147395,0.146491,0.14553,0.1449,0.144368,0.144044,0.143134,0.142732,0.142056,0.141914,0.141812,0.142889,0.143734,0.144923,0.145722,0.146725,0.148339,0.150057,0.15139,0.152603,0.153732,0.155086,0.156227,0.157748,0.158622,0.160298,0.161675
Costa Rica,0.232201,0.233253,0.234441,0.235544,0.236982,0.237681,0.239149,0.240589,0.241943,0.243599,0.245249,0.247494,0.249178,0.251286,0.253327,0.255758,0.258018,0.260834,0.263408,0.266174,0.268952,0.27126,0.274112,0.276925,0.280282,0.283687,0.286636,0.289342
Cote d'Ivoire,0.133695,0.132407,0.130661,0.129949,0.128868,0.128669,0.128414,0.128402,0.128838,0.128533,0.128378,0.12809,0.12827,0.127799,0.127488,0.127147,0.127043,0.126595,0.126036,0.125684,0.12526,0.125465,0.126767,0.127799,0.12912,0.131672,0.133961,0.136217
Croatia,0.193321,0.189222,0.185927,0.183388,0.181908,0.181413,0.181687,0.182653,0.184188,0.185994,0.187397,0.189155,0.191231,0.19451,0.196991,0.199562,0.202308,0.205239,0.207747,0.210203,0.211972,0.213205,0.214553,0.215634,0.216748,0.21708,0.217599,0.217975
Cuba,0.236547,0.231708,0.227691,0.224335,0.221395,0.219317,0.217712,0.216184,0.214703,0.21399,0.21384,0.214536,0.216168,0.219003,0.22205,0.225154,0.228698,0.232986,0.238319,0.242274,0.246361,0.24934,0.25221,0.254452,0.257502,0.259617,0.261384,0.263159
Cyprus,0.421068,0.424622,0.428188,0.432448,0.435954,0.43946,0.444388,0.448009,0.452708,0.457358,0.461734,0.467293,0.472866,0.478806,0.485156,0.489927,0.49502,0.500641,0.505607,0.509725,0.510897,0.51099,0.510921,0.51119,0.510435,0.510185,0.509021,0.506721
Czech Republic,0.209832,0.208452,0.208121,0.207263,0.206748,0.206816,0.207116,0.208107,0.209388,0.210454,0.211636,0.212432,0.214417,0.21618,0.218239,0.22038,0.222426,0.225767,0.228476,0.231436,0.23355,0.234865,0.236274,0.237958,0.239664,0.240712,0.242033,0.242373
Democratic Republic of Congo,0.108355,0.105778,0.103174,0.100892,0.098553,0.096468,0.093878,0.091181,0.088949,0.086795,0.084954,0.084054,0.082594,0.081557,0.080538,0.080577,0.080038,0.080184,0.079919,0.080115,0.080054,0.080512,0.081381,0.082829,0.08488,0.087167,0.089474,0.092542
Denmark,0.482745,0.48259,0.482878,0.484274,0.485395,0.486922,0.48961,0.494647,0.499062,0.504424,0.508962,0.512803,0.517085,0.520713,0.523814,0.526998,0.529668,0.533105,0.535097,0.537621,0.538788,0.539633,0.539462,0.540073,0.540403,0.54071,0.540381,0.540025
Djibouti,0.136688,0.135239,0.133141,0.131453,0.129829,0.128255,0.127172,0.125948,0.124756,0.123704,0.12295,0.122863,0.122844,0.122677,0.122681,0.122933,0.123502,0.124243,0.124666,0.125515,0.126498,0.127398,0.128609,0.130042,0.131505,0.132901,0.134822,0.13666
Dominica,0.233313,0.234669,0.236339,0.238074,0.239838,0.241413,0.243206,0.244902,0.24684,0.248599,0.250375,0.252009,0.25287,0.253943,0.255027,0.256385,0.25848,0.261372,0.26434,0.267249,0.268947,0.270337,0.272025,0.273001,0.274203,0.275548,0.276527,0.277127
Dominican Republic,0.23101,0.23188,0.232955,0.2342,0.235975,0.236852,0.238807,0.242208,0.245641,0.249318,0.251802,0.253573,0.255369,0.256833,0.258577,0.260893,0.264153,0.267364,0.271145,0.274852,0.278553,0.281621,0.285472,0.288546,0.292275,0.296195,0.300106,0.303058
East Asia,0.087785,0.088906,0.090075,0.091289,0.092673,0.094083,0.095667,0.097568,0.099658,0.101822,0.104054,0.106253,0.10886,0.111539,0.114431,0.117286,0.120275,0.123398,0.126752,0.13023,0.133649,0.137092,0.140575,0.14435,0.147953,0.151683,0.155561,0.159511
Eastern Europe,0.206196,0.203872,0.201315,0.198757,0.19611,0.19332,0.189789,0.185175,0.180804,0.177383,0.176164,0.176777,0.178293,0.180238,0.182551,0.184816,0.187765,0.191563,0.19591,0.19979,0.202996,0.205397,0.207656,0.209889,0.21199,0.213883,0.215673,0.217029
Eastern Sub-Saharan Africa,0.098231,0.097405,0.096732,0.096113,0.095687,0.095494,0.095466,0.095529,0.095627,0.095818,0.096099,0.096511,0.097126,0.09791,0.098715,0.099572,0.100451,0.101475,0.102711,0.104055,0.105322,0.10658,0.107972,0.1094,0.110943,0.112506,0.114202,0.116033
Ecuador,0.302899,0.303024,0.302512,0.30255,0.302124,0.302434,0.30313,0.303455,0.304439,0.305501,0.306553,0.307779,0.309892,0.312814,0.31531,0.318205,0.320662,0.323504,0.327217,0.330934,0.334334,0.337751,0.341703,0.34601,0.350229,0.354659,0.359142,0.363733
Egypt,0.146335,0.147094,0.148294,0.149145,0.150091,0.151425,0.152995,0.154853,0.156789,0.159563,0.161223,0.162438,0.163917,0.165289,0.16649,0.167991,0.169878,0.172258,0.175279,0.17762,0.17969,0.181297,0.183548,0.185277,0.187085,0.189265,0.190609,0.192942
El Salvador,0.184312,0.186041,0.187018,0.188938,0.190429,0.192433,0.194226,0.197385,0.199902,0.202775,0.205388,0.207843,0.209373,0.211669,0.213524,0.215907,0.218638,0.220663,0.223092,0.225559,0.227828,0.229858,0.231869,0.234488,0.236998,0.239302,0.241685,0.243873
England,0.459466,0.462236,0.46555,0.469321,0.473476,0.477755,0.483176,0.490214,0.497725,0.504728,0.509862,0.513942,0.518173,0.522349,0.526185,0.52928,0.533002,0.538065,0.543296,0.547649,0.549975,0.550783,0.551681,0.552388,0.552973,0.553326,0.553328,0.552932
Equatorial Guinea,0.095286,0.095151,0.095515,0.096186,0.09661,0.097569,0.101921,0.112269,0.125907,0.140887,0.155049,0.169951,0.18705,0.20468,0.220753,0.233862,0.244844,0.256166,0.265125,0.272418,0.275574,0.276207,0.277532,0.278119,0.278257,0.27825,0.278128,0.277337
Eritrea,0.08658,0.088249,0.089703,0.091571,0.093068,0.094672,0.09719,0.099454,0.102154,0.103936,0.104846,0.105078,0.105315,0.105405,0.105473,0.105179,0.104941,0.103546,0.102279,0.101529,0.100845,0.100695,0.100636,0.100789,0.100744,0.1013,0.101816,0.102503
Estonia,0.217591,0.216099,0.214754,0.214296,0.213722,0.213587,0.214233,0.215408,0.215566,0.216796,0.217424,0.219349,0.222309,0.225861,0.229283,0.233166,0.236076,0.239855,0.243593,0.246115,0.248455,0.250151,0.251287,0.252233,0.251934,0.251524,0.251266,0.250271
Ethiopia,0.083305,0.08193,0.08093,0.079786,0.079084,0.078637,0.078635,0.078414,0.078383,0.078304,0.078289,0.078455,0.079034,0.079669,0.080545,0.081311,0.082547,0.084328,0.086475,0.089005,0.0911,0.093292,0.095731,0.098384,0.100975,0.103668,0.106542,0.109817
Fiji,0.127122,0.128161,0.129065,0.129991,0.130924,0.131466,0.132254,0.132559,0.132909,0.133572,0.133838,0.134486,0.135087,0.135763,0.136672,0.137064,0.137634,0.138105,0.13897,0.139411,0.140063,0.141395,0.142176,0.142736,0.143668,0.144976,0.146452,0.147253
Finland,0.531073,0.530278,0.529059,0.52995,0.531172,0.53287,0.535375,0.541373,0.547406,0.553743,0.559956,0.566057,0.573195,0.580639,0.586725,0.589937,0.591649,0.591166,0.590755,0.589991,0.591111,0.590937,0.591166,0.591736,0.59194,0.59266,0.593479,0.594938
France,0.501159,0.504938,0.508502,0.512079,0.515091,0.517616,0.519433,0.521843,0.523844,0.525911,0.528258,0.531076,0.535173,0.539298,0.542626,0.545991,0.548996,0.550719,0.554064,0.555602,0.557622,0.559685,0.561704,0.564262,0.566911,0.569338,0.571357,0.573755
Gabon,0.217019,0.216758,0.21665,0.216451,0.216513,0.216819,0.217184,0.21757,0.21811,0.218223,0.218382,0.218924,0.219475,0.220023,0.220421,0.220943,0.221141,0.221062,0.220502,0.220274,0.220582,0.220805,0.221466,0.222139,0.223059,0.223865,0.225076,0.226577
Gambia,0.112319,0.11171,0.110893,0.110703,0.110154,0.110221,0.110052,0.110154,0.109975,0.110417,0.110232,0.110976,0.111291,0.111736,0.112609,0.112734,0.112815,0.112722,0.112417,0.112637,0.11266,0.112748,0.112822,0.112817,0.112831,0.11323,0.11326,0.113298
Georgia,0.171824,0.165866,0.160393,0.154669,0.149718,0.145532,0.140568,0.136109,0.13149,0.128535,0.127389,0.12792,0.129053,0.131324,0.133759,0.136479,0.139095,0.142197,0.146511,0.149798,0.15333,0.156341,0.158729,0.161859,0.164708,0.166974,0.169635,0.17164
Germany,0.460409,0.465226,0.469393,0.472826,0.475673,0.477758,0.480072,0.481373,0.482843,0.484153,0.48624,0.48872,0.491726,0.493889,0.49631,0.499505,0.501686,0.505554,0.509359,0.512774,0.51537,0.516948,0.518702,0.520611,0.521992,0.522847,0.521596,0.522066
Ghana,0.117142,0.117139,0.117742,0.118178,0.118313,0.119114,0.119382,0.119596,0.119976,0.120729,0.121457,0.121926,0.123205,0.124324,0.125103,0.12625,0.12712,0.127886,0.12871,0.129761,0.130683,0.132494,0.134146,0.136281,0.138663,0.141231,0.144081,0.147452
Greece,0.494487,0.496066,0.498349,0.500452,0.503159,0.50516,0.508336,0.512371,0.516637,0.521368,0.526984,0.533616,0.541749,0.550319,0.557717,0.563207,0.566944,0.570741,0.573939,0.575401,0.576268,0.576234,0.57508,0.573752,0.572011,0.568756,0.565342,0.559324
Greenland,0.481743,0.480503,0.479355,0.477928,0.476551,0.47654,0.476873,0.479072,0.480106,0.481587,0.482093,0.483043,0.486422,0.489509,0.493174,0.49804,0.50226,0.508062,0.513867,0.518085,0.521377,0.525235,0.527846,0.530607,0.533453,0.535706,0.537315,0.539069
Grenada,0.225733,0.227143,0.228527,0.230709,0.232759,0.234618,0.237369,0.239552,0.242691,0.246061,0.249156,0.252035,0.255812,0.259349,0.263299,0.266357,0.26901,0.271254,0.273507,0.275582,0.277533,0.279354,0.281254,0.282391,0.283951,0.285699,0.287347,0.288174
Guam,0.235438,0.23471,0.234717,0.234186,0.234356,0.235319,0.235852,0.2371,0.237834,0.238629,0.239411,0.240416,0.241534,0.24309,0.245252,0.246134,0.246544,0.247085,0.248284,0.248807,0.249634,0.249656,0.25007,0.250873,0.250894,0.251294,0.252103,0.253393
Guatemala,0.199942,0.200701,0.201473,0.202021,0.20272,0.204042,0.20521,0.206234,0.208416,0.209855,0.210934,0.212719,0.213666,0.215755,0.216383,0.217593,0.218648,0.219789,0.220678,0.221864,0.221966,0.223332,0.224417,0.225906,0.227451,0.228957,0.230272,0.23211
Guinea,0.111806,0.111261,0.11116,0.110655,0.11009,0.109817,0.109691,0.108926,0.109163,0.1086,0.10835,0.108047,0.107999,0.107666,0.107349,0.107126,0.107527,0.106842,0.106667,0.106636,0.106579,0.107005,0.107378,0.107999,0.109006,0.109931,0.111306,0.112388
Guinea-Bissau,0.10801,0.108517,0.108879,0.109113,0.10917,0.109149,0.109146,0.109187,0.108918,0.10892,0.10888,0.108758,0.108929,0.10872,0.108397,0.108388,0.108266,0.108037,0.107487,0.107201,0.107372,0.107267,0.107462,0.108033,0.108792,0.109678,0.110119,0.110999
Guyana,0.183945,0.184113,0.185075,0.18593,0.187071,0.188333,0.190327,0.193447,0.196634,0.199814,0.201824,0.203064,0.203902,0.204444,0.205609,0.206505,0.207501,0.209115,0.211234,0.212965,0.215626,0.217457,0.220109,0.223114,0.226556,0.230387,0.233461,0.237636
Haiti,0.163777,0.161629,0.159678,0.158211,0.157002,0.157032,0.156594,0.157127,0.15775,0.158226,0.158311,0.158403,0.158236,0.158508,0.158424,0.15851,0.158212,0.157857,0.157413,0.1573,0.156981,0.15757,0.158026,0.158325,0.158665,0.1594,0.160097,0.16079
High SDI,0.425878,0.429845,0.433759,0.437558,0.441042,0.444127,0.447283,0.451045,0.455025,0.458777,0.46203,0.465041,0.46849,0.471994,0.475164,0.477756,0.480071,0.482628,0.485304,0.487599,0.489345,0.490507,0.49142,0.492185,0.492832,0.493145,0.492943,0.492632
High-income,0.456168,0.460642,0.465067,0.469447,0.473492,0.477101,0.480839,0.485223,0.489849,0.494222,0.497926,0.501241,0.505016,0.508743,0.512171,0.515005,0.517555,0.520432,0.523398,0.525964,0.527763,0.528836,0.529562,0.529955,0.530185,0.529983,0.529162,0.528244
High-income Asia Pacific,0.369153,0.376123,0.382547,0.388739,0.39433,0.399323,0.40371,0.408407,0.412689,0.416372,0.419246,0.42127,0.423049,0.424697,0.42607,0.42783,0.430163,0.432852,0.435821,0.438693,0.440753,0.442326,0.443441,0.444694,0.445427,0.446327,0.446584,0.446689
High-middle SDI,0.156116,0.156386,0.156745,0.157277,0.157929,0.158607,0.159593,0.160793,0.162161,0.163713,0.165447,0.167364,0.169781,0.172375,0.175263,0.178172,0.181537,0.185653,0.190237,0.194808,0.198685,0.202329,0.206115,0.210081,0.213902,0.217754,0.221585,0.225377
Honduras,0.176865,0.177102,0.177237,0.177588,0.177418,0.177962,0.178428,0.178763,0.179604,0.180528,0.180761,0.181864,0.182436,0.183376,0.184591,0.185428,0.186976,0.188212,0.190266,0.191746,0.193043,0.194495,0.196186,0.197404,0.198699,0.201099,0.202624,0.203339
Hungary,0.199653,0.198908,0.198409,0.197645,0.197432,0.197394,0.197666,0.198998,0.200204,0.201014,0.202294,0.204208,0.20742,0.210871,0.214009,0.216745,0.218961,0.220837,0.223001,0.224898,0.226389,0.227754,0.22967,0.231261,0.232606,0.234708,0.236107,0.237686
Iceland,0.486624,0.48647,0.486574,0.487893,0.488242,0.48913,0.490709,0.494393,0.498013,0.502034,0.506393,0.510405,0.514959,0.51955,0.524524,0.527964,0.529733,0.531919,0.534992,0.53937,0.543762,0.54697,0.550678,0.55314,0.555098,0.556969,0.557838,0.558014
India,0.105016,0.105393,0.105952,0.106649,0.107376,0.108227,0.109236,0.110587,0.112075,0.113705,0.115263,0.116833,0.118564,0.120365,0.122223,0.124111,0.126231,0.128591,0.131158,0.133841,0.13647,0.139099,0.141892,0.144873,0.147937,0.15115,0.154442,0.157758
Indonesia,0.106652,0.108525,0.110207,0.111817,0.113306,0.114565,0.115784,0.116944,0.118111,0.11908,0.119849,0.120529,0.121129,0.121749,0.122269,0.122975,0.123953,0.125266,0.126898,0.128568,0.130405,0.132299,0.134503,0.136988,0.139724,0.142546,0.145616,0.148782
Iran,0.179779,0.180776,0.18196,0.183179,0.184504,0.185711,0.187338,0.189072,0.191041,0.193012,0.194888,0.197041,0.199588,0.20252,0.205416,0.208306,0.211792,0.216025,0.220348,0.224103,0.226412,0.227861,0.229027,0.230115,0.230971,0.231553,0.231852,0.231894
Iraq,0.179879,0.172471,0.166286,0.161821,0.158622,0.157556,0.158521,0.160836,0.163073,0.165662,0.167824,0.169427,0.170858,0.172481,0.174095,0.175876,0.177768,0.179811,0.181688,0.183805,0.186125,0.188519,0.191375,0.19421,0.197429,0.201027,0.204729,0.208672
Ireland,0.389602,0.392402,0.396178,0.400679,0.405844,0.411697,0.418422,0.426696,0.435703,0.445269,0.45538,0.464163,0.474684,0.485067,0.493785,0.500082,0.505265,0.5098,0.513723,0.51771,0.52236,0.527454,0.532786,0.537966,0.543195,0.549164,0.554509,0.559995
Israel,0.36995,0.372777,0.375618,0.378548,0.381725,0.38485,0.388315,0.391666,0.395592,0.39943,0.402431,0.407726,0.413775,0.419905,0.425134,0.428808,0.430569,0.432092,0.43343,0.435409,0.43736,0.439838,0.44213,0.445398,0.448385,0.452504,0.457104,0.461175
Italy,0.585684,0.589164,0.593023,0.597437,0.600828,0.604477,0.606729,0.610907,0.615103,0.61984,0.623592,0.627055,0.630848,0.634059,0.63641,0.638136,0.635836,0.631239,0.625617,0.621071,0.620174,0.620217,0.620807,0.621421,0.622273,0.623938,0.624953,0.626784
Jamaica,0.237663,0.239617,0.241779,0.24388,0.245273,0.246349,0.247546,0.248155,0.248881,0.249354,0.25005,0.250265,0.251009,0.251631,0.252132,0.252351,0.25274,0.254005,0.254964,0.256082,0.257257,0.257424,0.258016,0.258106,0.258697,0.259079,0.260215,0.25965
Japan,0.408546,0.415382,0.421778,0.427656,0.432612,0.436819,0.440586,0.444397,0.448044,0.450948,0.452609,0.453158,0.453118,0.453022,0.452762,0.452926,0.453833,0.455299,0.456972,0.458745,0.45958,0.45997,0.45973,0.45934,0.458556,0.457507,0.456005,0.454379
Jordan,0.165163,0.163329,0.161619,0.16013,0.159487,0.159171,0.159689,0.160128,0.161103,0.161967,0.162311,0.163266,0.164431,0.166053,0.167759,0.168927,0.171548,0.174414,0.177492,0.179811,0.182015,0.183502,0.184839,0.185897,0.187014,0.1876,0.187787,0.188925
Kazakhstan,0.187688,0.18606,0.184011,0.182075,0.180094,0.178603,0.176283,0.173987,0.171198,0.169689,0.169169,0.169747,0.172644,0.175966,0.179629,0.18356,0.18803,0.192814,0.198485,0.203306,0.207327,0.210804,0.214199,0.217535,0.220428,0.22357,0.225733,0.227918
Kenya,0.123332,0.122987,0.12275,0.122469,0.122322,0.122163,0.122034,0.121955,0.121865,0.121751,0.121764,0.121921,0.122065,0.122264,0.122548,0.122819,0.123153,0.123635,0.124222,0.124891,0.12554,0.126393,0.127413,0.128576,0.129955,0.131502,0.133225,0.135005
Kiribati,0.094547,0.093985,0.093648,0.093232,0.092874,0.092653,0.09254,0.092869,0.092835,0.092794,0.093171,0.093072,0.09306,0.093228,0.093131,0.093178,0.093035,0.093144,0.092406,0.091979,0.092101,0.091957,0.092017,0.092163,0.09222,0.092558,0.092951,0.093614
Kuwait,0.286053,0.28899,0.290366,0.292584,0.29427,0.295822,0.297623,0.299421,0.301693,0.302688,0.304265,0.305353,0.307055,0.309015,0.311192,0.314031,0.317796,0.323515,0.328878,0.333687,0.337002,0.339605,0.341426,0.343039,0.344546,0.345496,0.346072,0.34658
Kyrgyzstan,0.143821,0.141953,0.139933,0.137808,0.135193,0.132693,0.129448,0.125584,0.121342,0.118459,0.116803,0.116227,0.11565,0.115393,0.115207,0.115078,0.11543,0.116857,0.11825,0.119698,0.120972,0.122188,0.12329,0.123805,0.125084,0.126155,0.126846,0.127525
Laos,0.087114,0.087417,0.08786,0.08835,0.089243,0.089861,0.090591,0.091361,0.092378,0.093464,0.094553,0.095742,0.096609,0.09815,0.099521,0.100532,0.102275,0.103945,0.105734,0.107749,0.109775,0.111887,0.11412,0.116619,0.119333,0.122156,0.125113,0.128172
Latin America and Caribbean,0.248372,0.248898,0.249496,0.250178,0.250955,0.251691,0.252564,0.253715,0.255023,0.256219,0.257219,0.258151,0.259254,0.260444,0.261679,0.262919,0.264436,0.266744,0.269306,0.271856,0.273947,0.275736,0.277684,0.279664,0.281654,0.283628,0.285574,0.287486
Latvia,0.199592,0.194782,0.190446,0.186878,0.183763,0.18151,0.180381,0.178736,0.177156,0.176292,0.175498,0.177004,0.180791,0.184633,0.189536,0.193347,0.197092,0.201259,0.205164,0.208834,0.211818,0.214265,0.217302,0.219102,0.221106,0.222607,0.22384,0.225275
Lebanon,0.188162,0.18609,0.184655,0.18408,0.183408,0.183274,0.184096,0.186177,0.18823,0.190767,0.192688,0.194194,0.195343,0.196357,0.197626,0.199362,0.201977,0.205001,0.20818,0.210819,0.212805,0.214196,0.215232,0.215774,0.216987,0.217924,0.218613,0.219049
Lesotho,0.107396,0.108187,0.109324,0.109969,0.110661,0.111659,0.112339,0.113607,0.114495,0.115496,0.116635,0.117454,0.118536,0.119666,0.120525,0.121506,0.122556,0.123302,0.124332,0.125463,0.126363,0.127995,0.128802,0.130242,0.132214,0.133521,0.135087,0.136801
Liberia,0.098362,0.093537,0.088885,0.085331,0.08229,0.080554,0.079744,0.078697,0.078012,0.077626,0.077698,0.078043,0.079435,0.081327,0.083012,0.083809,0.084537,0.084403,0.084794,0.085117,0.085403,0.085829,0.086498,0.087465,0.088483,0.089465,0.090387,0.091591
Libya,0.24159,0.240182,0.239793,0.238979,0.238619,0.237898,0.237311,0.236064,0.234786,0.23379,0.233222,0.232835,0.23289,0.233138,0.233175,0.233457,0.235145,0.238605,0.242741,0.246635,0.247883,0.247047,0.243239,0.237818,0.229695,0.22034,0.208689,0.195726
Lithuania,0.194194,0.190385,0.186546,0.183573,0.181115,0.179824,0.179092,0.178243,0.17778,0.177344,0.177157,0.178306,0.181371,0.185277,0.190031,0.193913,0.197659,0.20104,0.205044,0.2085,0.212327,0.215598,0.218648,0.221894,0.225181,0.228347,0.231187,0.234095
Low SDI,0.09962,0.099232,0.098973,0.098712,0.098571,0.098524,0.098528,0.098698,0.098893,0.099274,0.099652,0.100222,0.100759,0.101455,0.102156,0.102958,0.103875,0.105025,0.106326,0.107734,0.109158,0.110542,0.11214,0.113883,0.115793,0.117784,0.119906,0.122071
Low-middle SDI,0.118417,0.118533,0.118736,0.119102,0.119523,0.120112,0.120862,0.121876,0.12299,0.124228,0.125385,0.126644,0.128149,0.129752,0.131547,0.133293,0.135246,0.137475,0.140014,0.142486,0.14477,0.14699,0.149278,0.151699,0.154017,0.156423,0.158711,0.161039
Luxembourg,0.588532,0.598615,0.608408,0.617657,0.626801,0.635779,0.644467,0.652008,0.6604,0.668298,0.675035,0.681265,0.688411,0.694414,0.700928,0.704658,0.710738,0.717305,0.724201,0.728533,0.731907,0.732959,0.734312,0.736174,0.737177,0.737774,0.738064,0.737917
Macedonia,0.166231,0.163827,0.161717,0.159459,0.15845,0.157712,0.157342,0.15704,0.157017,0.156836,0.156999,0.157388,0.157804,0.158977,0.160308,0.161508,0.163206,0.164984,0.167228,0.169192,0.17151,0.173388,0.175331,0.176918,0.178685,0.1804,0.182335,0.184161
Madagascar,0.108198,0.107081,0.106033,0.104803,0.103968,0.103779,0.103614,0.102905,0.102719,0.102712,0.102577,0.102852,0.102873,0.103311,0.103387,0.103519,0.103132,0.102884,0.10204,0.101808,0.101566,0.101813,0.102201,0.102423,0.103171,0.103769,0.105026,0.106417
Malawi,0.09433,0.09346,0.092631,0.091883,0.091631,0.091616,0.091378,0.091731,0.092081,0.092505,0.092654,0.092955,0.092977,0.093198,0.093079,0.093201,0.093886,0.094405,0.095316,0.096241,0.09695,0.097299,0.097951,0.09866,0.098966,0.099678,0.100071,0.100349
Malaysia,0.143967,0.146549,0.148567,0.150885,0.153033,0.155561,0.157979,0.161533,0.164445,0.167011,0.169604,0.171433,0.173065,0.174713,0.176638,0.177808,0.179558,0.181507,0.183555,0.185006,0.186795,0.188448,0.190473,0.19244,0.194833,0.196888,0.199211,0.201462
Maldives,0.115236,0.116466,0.117855,0.119263,0.120955,0.122669,0.124317,0.126063,0.128122,0.130453,0.1328,0.135421,0.138064,0.140598,0.143485,0.145965,0.147985,0.150309,0.151764,0.152911,0.154053,0.154566,0.155118,0.155907,0.156372,0.156449,0.156533,0.157214
Mali,0.098618,0.098948,0.099176,0.099762,0.100033,0.10027,0.100658,0.101621,0.102281,0.103037,0.103594,0.104706,0.105351,0.106982,0.107923,0.108693,0.109366,0.110265,0.110621,0.111272,0.112274,0.112912,0.113664,0.113804,0.114898,0.115126,0.116156,0.116675
Malta,0.393572,0.39806,0.40221,0.406528,0.411984,0.417264,0.422601,0.429279,0.436046,0.442521,0.447893,0.453401,0.458251,0.462575,0.467217,0.471221,0.474122,0.476736,0.479273,0.482382,0.485439,0.488768,0.491893,0.496907,0.502084,0.507238,0.512867,0.51914
Marshall Islands,0.101555,0.103076,0.104007,0.104743,0.105295,0.105331,0.105572,0.105214,0.105056,0.104872,0.104684,0.10492,0.1053,0.105743,0.106061,0.106667,0.106879,0.107268,0.107981,0.108516,0.108973,0.109504,0.109817,0.11048,0.110561,0.111351,0.112011,0.111895
Mauritania,0.129072,0.128857,0.128382,0.128253,0.128287,0.128209,0.128477,0.128774,0.128633,0.128984,0.129116,0.128837,0.129235,0.129448,0.129695,0.129783,0.130745,0.132032,0.133777,0.135421,0.136869,0.138022,0.139457,0.140629,0.141846,0.142904,0.144351,0.145276
Mauritius,0.133452,0.135309,0.137489,0.139447,0.141694,0.143786,0.145675,0.147987,0.150222,0.152454,0.153985,0.155512,0.156767,0.158315,0.159677,0.161179,0.162964,0.164167,0.165671,0.167349,0.168488,0.170559,0.172579,0.174979,0.176574,0.179304,0.181509,0.184433
Mexico,0.290928,0.291393,0.291943,0.292631,0.293329,0.29398,0.294651,0.295379,0.296227,0.297178,0.297954,0.299338,0.301156,0.303121,0.304734,0.305896,0.306542,0.306978,0.307435,0.307935,0.308406,0.309135,0.310041,0.311076,0.312298,0.313727,0.315249,0.316975
Micronesia (country),0.099825,0.10072,0.101568,0.10218,0.103017,0.103206,0.103724,0.10423,0.104552,0.104938,0.104849,0.105295,0.10591,0.106562,0.106609,0.107013,0.107279,0.107317,0.108007,0.108012,0.108339,0.108538,0.108714,0.108547,0.108805,0.108879,0.10896,0.109113
Middle SDI,0.124954,0.126034,0.127181,0.12833,0.129644,0.13099,0.132541,0.134191,0.135985,0.137851,0.139575,0.141317,0.143334,0.145433,0.147609,0.149744,0.152041,0.154678,0.157503,0.160384,0.163181,0.165905,0.168761,0.171834,0.174989,0.178082,0.181277,0.184486
Moldova,0.155493,0.15258,0.149555,0.145936,0.143122,0.139411,0.135656,0.130831,0.125895,0.122551,0.120683,0.120555,0.120862,0.120885,0.121133,0.121595,0.122379,0.124775,0.126933,0.129596,0.131234,0.132908,0.134578,0.135778,0.137362,0.139005,0.140388,0.141701
Mongolia,0.136545,0.135623,0.134366,0.133953,0.133104,0.133022,0.13295,0.132971,0.133204,0.1337,0.133705,0.13463,0.135912,0.137801,0.139838,0.14166,0.144154,0.147004,0.15016,0.153606,0.156839,0.159947,0.163073,0.166452,0.169617,0.173016,0.176766,0.180157
Montenegro,0.176851,0.172636,0.168869,0.165629,0.163268,0.162049,0.161899,0.162098,0.162048,0.162524,0.162383,0.163256,0.164201,0.166207,0.168314,0.170166,0.172689,0.175704,0.178399,0.181026,0.183531,0.185741,0.187269,0.188755,0.190406,0.191711,0.193395,0.194161
Morocco,0.139397,0.14057,0.141364,0.142562,0.143547,0.144181,0.144995,0.145979,0.147221,0.147951,0.148861,0.149808,0.150603,0.151782,0.152873,0.153938,0.155092,0.156956,0.158754,0.160515,0.162212,0.164069,0.165906,0.167708,0.169519,0.171629,0.173458,0.175569
Mozambique,0.076957,0.076403,0.076041,0.075732,0.075595,0.075706,0.076281,0.077078,0.078349,0.079861,0.081429,0.082448,0.084142,0.085682,0.087122,0.088624,0.089893,0.090975,0.09236,0.093269,0.094592,0.095747,0.096922,0.098348,0.099549,0.100742,0.102066,0.103227
Myanmar,0.074078,0.073908,0.07408,0.074227,0.074309,0.074512,0.074814,0.075694,0.07672,0.078133,0.079458,0.081153,0.082901,0.085543,0.088354,0.090669,0.093437,0.096383,0.099571,0.102574,0.105711,0.108347,0.111296,0.114334,0.117105,0.120132,0.12292,0.125738
Namibia,0.16906,0.168328,0.167647,0.167317,0.16715,0.167125,0.167462,0.167816,0.168257,0.168743,0.169229,0.169691,0.17074,0.172294,0.174132,0.175382,0.176549,0.178456,0.180801,0.182922,0.184639,0.187119,0.189125,0.190803,0.193621,0.196153,0.198721,0.200987
Nepal,0.098058,0.09887,0.099632,0.100358,0.101,0.101546,0.102012,0.102784,0.10342,0.104442,0.105196,0.105714,0.106604,0.107775,0.108816,0.109883,0.110738,0.111947,0.113574,0.115113,0.11597,0.117517,0.119324,0.120997,0.122746,0.124484,0.126455,0.128495
Netherlands,0.344168,0.344544,0.345961,0.348286,0.351405,0.354049,0.359773,0.368346,0.378238,0.386181,0.392099,0.394421,0.395648,0.397749,0.400309,0.403081,0.409201,0.420038,0.433348,0.444633,0.451413,0.455361,0.457882,0.460263,0.462678,0.464945,0.465927,0.467844
New Zealand,0.630645,0.626646,0.623099,0.620431,0.618702,0.618635,0.619733,0.620742,0.623056,0.624549,0.627839,0.630797,0.635264,0.64088,0.646286,0.649389,0.651363,0.65438,0.656645,0.65849,0.660603,0.661753,0.663944,0.665308,0.667358,0.669326,0.671415,0.67329
Nicaragua,0.187456,0.184003,0.181684,0.179444,0.17793,0.177487,0.177751,0.178672,0.179747,0.18043,0.181612,0.182413,0.18359,0.185464,0.18653,0.187569,0.188538,0.189027,0.190207,0.190718,0.191622,0.192938,0.194207,0.196096,0.197953,0.200784,0.202998,0.205876
Niger,0.095989,0.094877,0.094265,0.093301,0.092547,0.091732,0.091202,0.090757,0.090411,0.089981,0.08972,0.089749,0.089828,0.08969,0.089685,0.090047,0.090166,0.090205,0.090322,0.090406,0.090592,0.090867,0.091562,0.092395,0.092943,0.093966,0.095063,0.096116
Nigeria,0.128158,0.125733,0.123404,0.121427,0.120171,0.119542,0.119073,0.118681,0.118438,0.118323,0.118191,0.11931,0.121176,0.123587,0.126883,0.129972,0.133472,0.137163,0.141515,0.145499,0.148502,0.151149,0.153727,0.156338,0.158677,0.160807,0.162295,0.163373
North Africa and Middle East,0.173637,0.173391,0.173023,0.172876,0.173144,0.173713,0.175182,0.177056,0.179297,0.181605,0.183293,0.184643,0.186094,0.187554,0.189216,0.190772,0.192823,0.195699,0.198842,0.201667,0.203702,0.205312,0.207005,0.208652,0.210222,0.211863,0.213108,0.214377
North America,0.466116,0.470496,0.474969,0.479457,0.483773,0.487567,0.491614,0.496025,0.500678,0.504989,0.50857,0.511871,0.51575,0.519719,0.523016,0.524832,0.525899,0.526861,0.527656,0.528097,0.528075,0.527315,0.525855,0.523568,0.521012,0.517583,0.513733,0.50947
North Korea,0.117725,0.11734,0.116125,0.115096,0.113547,0.112036,0.109316,0.106144,0.102224,0.098917,0.096765,0.095178,0.094033,0.092695,0.09197,0.091714,0.091401,0.090865,0.090433,0.090424,0.090211,0.090273,0.09018,0.090254,0.090447,0.090517,0.090724,0.09091
Northern Ireland,0.432511,0.435477,0.438856,0.442676,0.446564,0.450894,0.455523,0.461334,0.467429,0.47295,0.478323,0.484555,0.490502,0.495759,0.501391,0.505481,0.508594,0.512319,0.515163,0.517271,0.517956,0.518879,0.520493,0.521184,0.521777,0.522538,0.523092,0.523497
Northern Mariana Islands,0.252307,0.251579,0.24893,0.245098,0.24197,0.240773,0.239304,0.237864,0.237713,0.240006,0.242594,0.239339,0.233886,0.230314,0.22858,0.228028,0.225562,0.221123,0.218116,0.215637,0.212548,0.208682,0.206213,0.203907,0.20263,0.201718,0.19845,0.195841
Norway,0.530363,0.534375,0.537678,0.540848,0.543337,0.545834,0.547529,0.549031,0.550043,0.551254,0.551948,0.552737,0.553686,0.554498,0.555719,0.557005,0.559066,0.561894,0.565063,0.567877,0.569538,0.570241,0.570953,0.571261,0.571433,0.571305,0.57103,0.570363
Oceania,0.103544,0.104242,0.104806,0.105301,0.105548,0.10596,0.106077,0.106257,0.10671,0.106975,0.107,0.106488,0.106079,0.105061,0.104518,0.104232,0.104212,0.104379,0.104624,0.10477,0.105158,0.105431,0.105967,0.106566,0.107439,0.108272,0.109346,0.110457
Oman,0.212904,0.215288,0.216897,0.218637,0.221206,0.224218,0.22655,0.22913,0.231926,0.236215,0.240447,0.243556,0.245373,0.247181,0.251488,0.256436,0.259052,0.259943,0.262843,0.265776,0.265385,0.259723,0.254677,0.25438,0.255661,0.25674,0.254501,0.254958
Pakistan,0.125654,0.126416,0.126581,0.12724,0.127987,0.128695,0.129383,0.129983,0.130788,0.131456,0.132263,0.132581,0.13373,0.134467,0.135588,0.136564,0.137784,0.13943,0.141445,0.143661,0.145177,0.146681,0.147999,0.149772,0.151117,0.152313,0.153427,0.154583
Palestine,0.121734,0.122158,0.123315,0.124431,0.12527,0.126319,0.127606,0.129899,0.131826,0.133583,0.134061,0.133643,0.133328,0.13297,0.132202,0.1321,0.132279,0.13294,0.13321,0.13393,0.134229,0.135163,0.13571,0.137084,0.138421,0.139787,0.141648,0.143883
Panama,0.234571,0.2352,0.236354,0.237307,0.238621,0.239557,0.241462,0.243262,0.24542,0.247724,0.249867,0.252022,0.253748,0.256514,0.258949,0.261569,0.264319,0.268026,0.271468,0.2758,0.279899,0.283714,0.288177,0.293204,0.29843,0.304011,0.310169,0.31665
Papua New Guinea,0.092002,0.092945,0.093777,0.094625,0.095082,0.095768,0.095917,0.096108,0.096692,0.096928,0.097024,0.096572,0.096479,0.095563,0.095188,0.095136,0.095392,0.095861,0.096355,0.096806,0.097525,0.098034,0.098905,0.099831,0.101039,0.102154,0.10351,0.10496
Paraguay,0.203302,0.204847,0.205767,0.206445,0.207194,0.2078,0.208629,0.209432,0.210051,0.210819,0.21117,0.210964,0.211005,0.210821,0.210697,0.211286,0.211852,0.21382,0.216221,0.218252,0.221084,0.223115,0.225718,0.227796,0.230337,0.232781,0.235552,0.238288
Peru,0.292774,0.295225,0.297326,0.299326,0.301558,0.303863,0.306251,0.308519,0.311445,0.31367,0.315933,0.317791,0.319792,0.321829,0.324521,0.327811,0.331958,0.338857,0.345575,0.35127,0.355834,0.358148,0.360666,0.363074,0.36575,0.367048,0.368377,0.369216
Philippines,0.110424,0.110726,0.110957,0.111322,0.111486,0.111532,0.112216,0.112686,0.112945,0.113782,0.113994,0.114741,0.115061,0.115782,0.116543,0.117073,0.117538,0.118467,0.119599,0.120814,0.122004,0.123404,0.12465,0.126439,0.128226,0.130319,0.132335,0.134855
Poland,0.169137,0.168913,0.169394,0.169888,0.170481,0.171014,0.172287,0.174928,0.178226,0.181307,0.184152,0.186359,0.188666,0.190732,0.192924,0.19518,0.197943,0.200728,0.204831,0.207779,0.211113,0.213375,0.215967,0.218686,0.221683,0.224348,0.226805,0.229485
Portugal,0.407389,0.412269,0.417645,0.423009,0.42754,0.432339,0.438741,0.445821,0.453441,0.460298,0.465799,0.469683,0.47356,0.47712,0.480292,0.484077,0.487375,0.491157,0.495106,0.49907,0.501449,0.503632,0.505364,0.506904,0.508989,0.510327,0.512185,0.513079
Puerto Rico,0.356499,0.359352,0.362233,0.365533,0.369206,0.371902,0.375744,0.379777,0.38394,0.38763,0.391329,0.395423,0.400447,0.405448,0.408882,0.411,0.411977,0.412885,0.413065,0.413018,0.413657,0.413561,0.413822,0.413728,0.413598,0.413388,0.413068,0.412628
Qatar,0.286289,0.281168,0.277479,0.275428,0.274157,0.274153,0.27729,0.28246,0.289668,0.296494,0.301971,0.306831,0.311036,0.316182,0.319571,0.320742,0.321023,0.319637,0.318032,0.315596,0.313912,0.313587,0.314643,0.315988,0.316684,0.316654,0.317081,0.318165
Romania,0.164072,0.161598,0.159525,0.157414,0.156168,0.155716,0.155764,0.155939,0.155914,0.156616,0.15715,0.157927,0.159462,0.1616,0.164183,0.166423,0.169002,0.172569,0.176791,0.180617,0.183693,0.186349,0.188991,0.191909,0.194278,0.196733,0.198926,0.2007
Russia,0.219268,0.217068,0.214702,0.212159,0.20948,0.206664,0.203001,0.198212,0.193494,0.189839,0.188517,0.189185,0.190688,0.192619,0.194939,0.197267,0.200312,0.20435,0.208899,0.21315,0.216506,0.219161,0.221645,0.224186,0.2265,0.228643,0.230686,0.232375
Rwanda,0.098718,0.096641,0.094907,0.093392,0.093067,0.093398,0.092804,0.092309,0.091873,0.091739,0.091589,0.091919,0.093007,0.093804,0.095078,0.096222,0.097308,0.098759,0.100459,0.10173,0.103552,0.104721,0.106537,0.108072,0.110042,0.11216,0.114004,0.115817
Saint Lucia,0.255349,0.257186,0.259031,0.261018,0.263011,0.264247,0.265449,0.267747,0.269191,0.269562,0.27035,0.270586,0.271223,0.271572,0.271366,0.271655,0.2733,0.274653,0.276259,0.277745,0.279066,0.280449,0.280848,0.282036,0.283267,0.284521,0.285017,0.286341
Saint Vincent and the Grenadines,0.218318,0.220346,0.222561,0.224536,0.226591,0.228815,0.230449,0.232824,0.235388,0.237317,0.239541,0.24198,0.244686,0.247223,0.249984,0.252275,0.254837,0.25748,0.260962,0.262933,0.265501,0.266595,0.268307,0.270489,0.271696,0.272231,0.273784,0.274837
Samoa,0.10924,0.108655,0.108735,0.108481,0.10876,0.108666,0.108887,0.109745,0.110422,0.111101,0.111981,0.113136,0.11476,0.116089,0.117845,0.118785,0.119871,0.121495,0.122465,0.123154,0.123989,0.12444,0.125001,0.12508,0.125588,0.125778,0.125866,0.126132
Sao Tome and Principe,0.121837,0.12113,0.120125,0.119369,0.118674,0.118587,0.118128,0.117863,0.117764,0.117575,0.11737,0.117849,0.118488,0.1196,0.120865,0.121416,0.122208,0.123203,0.123819,0.124605,0.125327,0.126443,0.127592,0.128828,0.129935,0.13171,0.133377,0.13484
Saudi Arabia,0.250174,0.249896,0.250166,0.250081,0.250283,0.250868,0.251755,0.251991,0.252548,0.252846,0.253641,0.254396,0.255287,0.256362,0.257691,0.258979,0.259888,0.262649,0.265814,0.268766,0.270971,0.273674,0.276222,0.279182,0.281789,0.284659,0.28672,0.289615
Scotland,0.388131,0.391916,0.396655,0.399895,0.403719,0.407834,0.411552,0.416152,0.421083,0.426082,0.429406,0.434192,0.439858,0.445608,0.450898,0.454419,0.458471,0.461975,0.464536,0.46708,0.468854,0.469512,0.470642,0.470877,0.471684,0.471939,0.471486,0.471236
Senegal,0.118304,0.117837,0.11743,0.116437,0.116126,0.116183,0.116084,0.115791,0.115791,0.115459,0.115526,0.115615,0.116089,0.117169,0.117801,0.11854,0.118783,0.119306,0.119744,0.120001,0.120375,0.120983,0.121573,0.122222,0.123063,0.123728,0.124287,0.12529
Serbia,0.168098,0.163906,0.160263,0.157026,0.154679,0.153619,0.153299,0.153372,0.153154,0.15296,0.15278,0.153578,0.155397,0.157715,0.160631,0.163412,0.165797,0.168795,0.171589,0.174636,0.177051,0.17836,0.180229,0.18211,0.183528,0.185056,0.186224,0.187147
Seychelles,0.15974,0.161804,0.163513,0.165819,0.167707,0.169455,0.172024,0.174095,0.176248,0.17832,0.17958,0.179553,0.179953,0.180137,0.180531,0.181119,0.18083,0.1816,0.181926,0.182531,0.183356,0.184324,0.186152,0.187811,0.189702,0.192355,0.194795,0.197452
Sierra Leone,0.109607,0.109679,0.109807,0.109551,0.109643,0.109018,0.107887,0.105669,0.103433,0.10135,0.100421,0.100116,0.099465,0.099237,0.099218,0.098832,0.099356,0.099503,0.100123,0.101324,0.101948,0.102732,0.103496,0.104646,0.105673,0.106721,0.108252,0.109799
Singapore,0.373698,0.380503,0.386527,0.393371,0.399914,0.406909,0.41334,0.420356,0.427768,0.434899,0.440829,0.445971,0.451158,0.456707,0.46224,0.468541,0.474917,0.483169,0.491488,0.500104,0.507886,0.51479,0.521609,0.528682,0.535816,0.542395,0.547688,0.553712
Slovakia,0.18869,0.187083,0.185779,0.184607,0.183663,0.183653,0.184227,0.185225,0.186769,0.188571,0.189741,0.191526,0.193412,0.195561,0.197943,0.20024,0.203527,0.207329,0.211515,0.215583,0.219097,0.221885,0.224756,0.227514,0.229772,0.232232,0.233693,0.235475
Slovenia,0.20926,0.206987,0.20531,0.204201,0.203704,0.203537,0.204165,0.205846,0.207497,0.209418,0.211869,0.213851,0.216385,0.218478,0.220881,0.223021,0.22583,0.228352,0.230855,0.233288,0.234407,0.235433,0.2362,0.237059,0.237867,0.238706,0.239438,0.239636
Solomon Islands,0.087332,0.087912,0.088876,0.089571,0.090033,0.090552,0.090591,0.091108,0.091324,0.091638,0.091715,0.091069,0.089914,0.088277,0.086961,0.086636,0.086869,0.087172,0.087875,0.088318,0.088839,0.089354,0.089829,0.090599,0.09145,0.092245,0.093325,0.094189
Somalia,0.082379,0.081991,0.081236,0.080538,0.08008,0.079447,0.078838,0.07807,0.077263,0.076855,0.076573,0.076425,0.076499,0.076445,0.076376,0.07659,0.076516,0.076728,0.076963,0.077297,0.077515,0.077832,0.078257,0.078566,0.07869,0.078854,0.079322,0.079896
South Africa,0.198042,0.196632,0.195428,0.194407,0.193771,0.193614,0.193563,0.193627,0.193827,0.193954,0.194621,0.19536,0.196791,0.198786,0.200681,0.202212,0.203955,0.205882,0.20801,0.20983,0.210795,0.211382,0.212119,0.212749,0.21367,0.214094,0.21441,0.214718
South Asia,0.106406,0.10685,0.107416,0.108096,0.108822,0.109632,0.110589,0.111796,0.113122,0.114632,0.116011,0.117439,0.119012,0.120662,0.12239,0.124118,0.126056,0.128297,0.13074,0.133305,0.135786,0.138237,0.140826,0.143598,0.146404,0.149292,0.152269,0.155251
South Korea,0.282469,0.290756,0.297736,0.304845,0.311977,0.318585,0.324382,0.330896,0.336496,0.34183,0.347138,0.351952,0.356912,0.361463,0.365582,0.370022,0.374784,0.379405,0.384532,0.389177,0.393306,0.396881,0.400345,0.404395,0.407531,0.411541,0.414479,0.417103
South Sudan,0.132271,0.131317,0.12991,0.129057,0.12844,0.127844,0.12792,0.127871,0.127783,0.127725,0.127822,0.128231,0.128755,0.129675,0.130162,0.130693,0.131618,0.1324,0.133252,0.134372,0.13482,0.134744,0.134736,0.134567,0.134843,0.135115,0.134691,0.134608
Southeast Asia,0.10378,0.105216,0.10663,0.107941,0.109217,0.110292,0.111498,0.112675,0.11384,0.115013,0.116013,0.117067,0.118037,0.119145,0.120238,0.121275,0.122582,0.124193,0.125961,0.127722,0.129565,0.131478,0.13347,0.135728,0.138108,0.140474,0.143057,0.14565
"Southeast Asia, East Asia, and Oceania",0.09185,0.093077,0.094336,0.095601,0.096981,0.098333,0.09984,0.101562,0.103395,0.105285,0.107166,0.109024,0.11114,0.113337,0.115677,0.117979,0.12045,0.123101,0.125951,0.128874,0.131776,0.134697,0.137682,0.140934,0.144117,0.147361,0.15079,0.154266
Southern Latin America,0.317495,0.32113,0.324847,0.328796,0.33293,0.33663,0.34167,0.346724,0.352165,0.356687,0.359117,0.3597,0.360522,0.360163,0.360576,0.361698,0.363767,0.367606,0.372274,0.377687,0.3814,0.38472,0.388886,0.392229,0.396368,0.399998,0.403636,0.407336
Southern Sub-Saharan Africa,0.183132,0.18229,0.181635,0.181102,0.180856,0.180927,0.181109,0.181394,0.181681,0.181945,0.182547,0.183029,0.18389,0.185067,0.186055,0.186867,0.187719,0.188756,0.189831,0.190858,0.191497,0.192009,0.192727,0.193352,0.194306,0.194947,0.195599,0.196458
Spain,0.57438,0.582375,0.590314,0.597923,0.604526,0.611023,0.61661,0.622586,0.628657,0.635242,0.641094,0.646348,0.651692,0.657759,0.664298,0.670521,0.67939,0.69088,0.702688,0.712882,0.719542,0.723788,0.726458,0.729313,0.732196,0.733379,0.733354,0.730626
Sri Lanka,0.106287,0.107457,0.108438,0.109485,0.110951,0.11242,0.114277,0.115644,0.117706,0.11948,0.121112,0.122498,0.124201,0.125491,0.127251,0.128657,0.130167,0.132116,0.134149,0.13639,0.138608,0.141359,0.143861,0.146334,0.14954,0.152628,0.155748,0.159144
Sub-Saharan Africa,0.119056,0.117828,0.116722,0.115804,0.115103,0.114687,0.11432,0.114031,0.113845,0.113722,0.113703,0.114065,0.114713,0.115596,0.116624,0.117685,0.118788,0.120084,0.12157,0.123057,0.124243,0.125424,0.126741,0.128143,0.129654,0.131156,0.132613,0.13409
Sudan,0.113339,0.112885,0.112553,0.112925,0.112639,0.112699,0.112955,0.113672,0.114736,0.115776,0.116575,0.117881,0.119374,0.121075,0.122847,0.124585,0.126322,0.12809,0.130156,0.132055,0.134235,0.136002,0.137811,0.139432,0.141422,0.143413,0.144902,0.147025
Suriname,0.259084,0.256524,0.254419,0.253377,0.252379,0.251983,0.252464,0.253338,0.253442,0.254513,0.255846,0.257208,0.258993,0.261431,0.264648,0.267531,0.270606,0.274969,0.279361,0.283805,0.287534,0.290762,0.293688,0.297263,0.300467,0.303178,0.305583,0.307738
Swaziland,0.162693,0.164777,0.166395,0.168106,0.169933,0.170878,0.172115,0.173149,0.174363,0.175453,0.176184,0.17697,0.177608,0.178104,0.178575,0.179454,0.179941,0.180867,0.182063,0.182409,0.183707,0.18459,0.18498,0.1858,0.187107,0.187961,0.189076,0.189604
Sweden,0.475402,0.475117,0.47531,0.475543,0.476305,0.477199,0.480608,0.487225,0.495772,0.503802,0.509672,0.513224,0.516315,0.519966,0.523016,0.525851,0.529142,0.532454,0.536001,0.539912,0.543179,0.546754,0.55088,0.555076,0.559841,0.564692,0.569377,0.574608
Switzerland,0.52441,0.526078,0.529025,0.531215,0.533761,0.535762,0.538313,0.541911,0.544442,0.547168,0.548959,0.550014,0.549687,0.551173,0.552337,0.552386,0.553715,0.557832,0.561656,0.564658,0.56666,0.567972,0.569469,0.570145,0.571511,0.572819,0.573503,0.573969
Syria,0.132991,0.131594,0.130633,0.129874,0.129537,0.12955,0.12994,0.130786,0.131463,0.132592,0.133721,0.135566,0.138373,0.141127,0.144159,0.147022,0.150398,0.154168,0.157919,0.160506,0.16174,0.162079,0.162675,0.162463,0.162264,0.162179,0.160999,0.159349
Taiwan,0.169496,0.173219,0.177145,0.180376,0.184547,0.188196,0.191912,0.195654,0.199858,0.202992,0.206111,0.208852,0.21105,0.213656,0.215872,0.218203,0.220073,0.221842,0.223849,0.225849,0.227501,0.229505,0.231325,0.233199,0.234678,0.236865,0.238783,0.240476
Tajikistan,0.137233,0.134201,0.131363,0.127753,0.124541,0.120815,0.116365,0.111289,0.105965,0.101833,0.100226,0.100467,0.100825,0.10149,0.101748,0.102262,0.102652,0.104119,0.105849,0.107491,0.109359,0.110279,0.111492,0.113009,0.114296,0.115779,0.116935,0.118226
Tanzania,0.107486,0.106371,0.105375,0.10496,0.104235,0.104141,0.103784,0.104146,0.103943,0.104077,0.104416,0.10502,0.106004,0.107788,0.109206,0.110923,0.112181,0.11337,0.11482,0.116341,0.117753,0.11935,0.120698,0.122408,0.124353,0.125833,0.128102,0.129857
Thailand,0.121902,0.124876,0.128137,0.130918,0.133336,0.135625,0.137774,0.139434,0.141336,0.142587,0.143909,0.145571,0.146923,0.147995,0.149672,0.150724,0.152429,0.154636,0.156639,0.1586,0.160564,0.162663,0.164607,0.166388,0.168323,0.169914,0.1719,0.173202
Timor,0.078221,0.07938,0.080215,0.081468,0.082634,0.083322,0.084163,0.085094,0.085744,0.086504,0.087535,0.088113,0.088808,0.089383,0.089797,0.090745,0.093132,0.096897,0.101161,0.104916,0.106672,0.107436,0.108275,0.109507,0.1096,0.110612,0.110643,0.110934
Togo,0.108729,0.107621,0.10618,0.106061,0.105222,0.104919,0.104933,0.104819,0.104908,0.104869,0.104917,0.105071,0.10463,0.104345,0.103881,0.103811,0.103857,0.103442,0.103543,0.103037,0.102882,0.103011,0.103405,0.104169,0.104926,0.105883,0.107146,0.108107
Tonga,0.111709,0.1124,0.113349,0.114068,0.114656,0.115357,0.11578,0.116119,0.116687,0.117332,0.117656,0.118233,0.118994,0.120358,0.120744,0.121453,0.121684,0.121542,0.121934,0.122268,0.122418,0.122582,0.122967,0.123485,0.123964,0.124463,0.125487,0.125706
Trinidad and Tobago,0.299569,0.295051,0.290618,0.288268,0.286739,0.286063,0.287062,0.289078,0.292112,0.296901,0.300617,0.306029,0.312026,0.31967,0.327311,0.334546,0.343075,0.352414,0.361892,0.369773,0.375065,0.378484,0.381699,0.384127,0.386249,0.38821,0.389161,0.389696
Tropical Latin America,0.232292,0.233012,0.233865,0.234739,0.235779,0.236572,0.237651,0.239471,0.241373,0.242976,0.244263,0.245085,0.245888,0.246603,0.247551,0.248613,0.250215,0.252949,0.255996,0.259087,0.261598,0.263742,0.265994,0.268089,0.270093,0.272107,0.274052,0.275815
Tunisia,0.154293,0.155182,0.156625,0.15798,0.159107,0.160659,0.162318,0.164835,0.166781,0.169176,0.171203,0.172918,0.174536,0.1766,0.178565,0.180396,0.182689,0.185194,0.187278,0.189763,0.191282,0.192616,0.194311,0.195881,0.197054,0.198399,0.199433,0.200172
Turkey,0.213466,0.213853,0.214836,0.216415,0.218006,0.219473,0.224127,0.230443,0.238518,0.245626,0.250038,0.251977,0.254106,0.255902,0.25741,0.259274,0.261765,0.265131,0.269779,0.273843,0.277947,0.28175,0.285602,0.289922,0.294395,0.298953,0.304162,0.308941
Turkmenistan,0.165172,0.163379,0.161482,0.159245,0.157151,0.155085,0.152373,0.149223,0.145993,0.143699,0.142796,0.143519,0.144563,0.146872,0.149378,0.151826,0.154478,0.158366,0.162219,0.166676,0.171048,0.174792,0.178959,0.183104,0.187401,0.1918,0.196563,0.201477
Uganda,0.091927,0.092393,0.092868,0.093391,0.093724,0.094075,0.094613,0.09573,0.096672,0.097695,0.098775,0.099784,0.100537,0.101437,0.102665,0.104211,0.105355,0.106296,0.107981,0.109304,0.11098,0.112084,0.113393,0.114439,0.115764,0.117042,0.118044,0.119309
Ukraine,0.178687,0.176239,0.173192,0.170338,0.167324,0.164126,0.159959,0.154627,0.150045,0.146146,0.144893,0.145149,0.14642,0.147832,0.149728,0.151573,0.154081,0.156978,0.160751,0.163471,0.166079,0.167427,0.168717,0.169933,0.171129,0.171895,0.172673,0.172715
United Arab Emirates,0.297525,0.294119,0.291366,0.2889,0.287729,0.286819,0.286753,0.286588,0.286854,0.287217,0.287531,0.28809,0.289073,0.289831,0.290831,0.290944,0.28999,0.28118,0.27168,0.262274,0.260129,0.25959,0.259064,0.259351,0.259353,0.259418,0.260497,0.262207
United Kingdom,0.449857,0.452755,0.456267,0.460031,0.464176,0.46844,0.473684,0.48044,0.487665,0.494459,0.499484,0.503814,0.508367,0.512873,0.516996,0.520255,0.523895,0.528684,0.533491,0.53752,0.53972,0.540522,0.541501,0.542215,0.542871,0.543274,0.543352,0.543054
United States,0.468676,0.473575,0.47861,0.483539,0.488235,0.492368,0.496752,0.50156,0.506483,0.511072,0.514863,0.518306,0.52217,0.52613,0.529332,0.531157,0.532178,0.533067,0.533768,0.534175,0.534076,0.533199,0.531514,0.528946,0.52599,0.522109,0.517728,0.512844
United States Virgin Islands,0.341832,0.356847,0.371034,0.38267,0.393107,0.40044,0.404377,0.407227,0.409591,0.412757,0.417181,0.424428,0.435293,0.447385,0.458792,0.468562,0.477144,0.486541,0.495381,0.501095,0.503098,0.502178,0.50098,0.498897,0.495701,0.489832,0.482149,0.473119
Uruguay,0.322604,0.324928,0.326899,0.330078,0.331957,0.334111,0.336748,0.340337,0.343425,0.346286,0.347366,0.347004,0.345919,0.345006,0.344004,0.344193,0.345436,0.348731,0.35348,0.35912,0.363758,0.368551,0.374344,0.379651,0.385984,0.392488,0.398546,0.405502
Uzbekistan,0.130505,0.129608,0.128175,0.127241,0.1263,0.125377,0.124704,0.124233,0.123592,0.123103,0.122558,0.122921,0.123741,0.124782,0.125839,0.126952,0.128283,0.130128,0.132591,0.134998,0.137146,0.139249,0.141424,0.143985,0.146272,0.148898,0.151327,0.153735
Vanuatu,0.098813,0.099393,0.099501,0.099929,0.099986,0.100352,0.10062,0.100934,0.101161,0.101386,0.101454,0.101563,0.101277,0.101069,0.100827,0.100988,0.101068,0.102022,0.102559,0.10347,0.104303,0.104646,0.104608,0.104925,0.105502,0.105741,0.10613,0.106462
Venezuela,0.272052,0.271624,0.271216,0.270941,0.270595,0.270456,0.270111,0.268695,0.267267,0.266647,0.265819,0.265211,0.264135,0.263512,0.263144,0.262879,0.264239,0.268341,0.272949,0.277657,0.279424,0.280148,0.28096,0.281978,0.28196,0.282251,0.282376,0.28269
Vietnam,0.083484,0.08426,0.085277,0.086063,0.087393,0.088194,0.089382,0.090627,0.091866,0.093638,0.09531,0.096805,0.098532,0.100451,0.101796,0.103511,0.105386,0.107265,0.109161,0.111049,0.113015,0.115109,0.117147,0.119353,0.121583,0.123609,0.126256,0.128466
Wales,0.409563,0.412417,0.416556,0.420587,0.42474,0.428487,0.433285,0.439184,0.445831,0.452423,0.457765,0.463624,0.470157,0.476988,0.482381,0.486747,0.487719,0.489763,0.491397,0.492582,0.493399,0.493484,0.494554,0.495666,0.496754,0.497448,0.498985,0.499407
Western Europe,0.495201,0.49911,0.503046,0.506919,0.510332,0.513446,0.516684,0.520709,0.524996,0.52923,0.533074,0.536735,0.540921,0.544966,0.548814,0.552326,0.555458,0.559095,0.562895,0.565988,0.568433,0.570083,0.57145,0.572816,0.574132,0.57521,0.575355,0.575873
Western Sub-Saharan Africa,0.120713,0.119234,0.117842,0.11672,0.115894,0.115539,0.115262,0.115028,0.114925,0.114875,0.114892,0.115556,0.116748,0.118203,0.120043,0.121765,0.12366,0.125577,0.127832,0.129921,0.131519,0.133096,0.13477,0.136469,0.138116,0.139784,0.141193,0.142431
World,0.177865,0.178034,0.178218,0.178419,0.178688,0.178983,0.179485,0.180134,0.180911,0.181829,0.182665,0.183632,0.184887,0.186265,0.187741,0.189126,0.190702,0.192643,0.1948,0.196916,0.198731,0.200379,0.202116,0.203977,0.205833,0.207672,0.209525,0.211304
Yemen,0.119498,0.119241,0.119849,0.12008,0.120345,0.120678,0.12133,0.121968,0.122747,0.123808,0.124886,0.125934,0.127633,0.128668,0.130855,0.132356,0.134268,0.136381,0.138244,0.13961,0.140781,0.140421,0.139705,0.139149,0.13831,0.136973,0.135178,0.132623
Zambia,0.124028,0.122133,0.120776,0.119413,0.118186,0.117001,0.116266,0.115615,0.11493,0.114233,0.114317,0.114772,0.115395,0.116228,0.117239,0.118395,0.120024,0.122434,0.12447,0.126889,0.129023,0.13065,0.132962,0.134708,0.136878,0.139219,0.140713,0.142768
Zimbabwe,0.138791,0.139554,0.140228,0.14089,0.141514,0.141834,0.142153,0.142363,0.14217,0.142084,0.141898,0.140559,0.138497,0.135857,0.132543,0.12997,0.126681,0.123463,0.119728,0.117229,0.116347,0.116226,0.116789,0.117248,0.118073,0.11947,0.121456,0.124443
